{
    "1": [
        [
            -0.02603187717245185,
            -0.13587314855069388,
            70.04118996070969
        ],
        [
            0.07860693885910609,
            0.06744566092501139,
            -35.00038886613839
        ],
        [
            0.0007971207184627162,
            0.0012494058778985556,
            1.0
        ]
    ],
    "2": [
        [
            -0.6329017916463434,
            -1.2569159059231794,
            444.057394238419
        ],
        [
            -0.18382451913986675,
            0.33595848717295024,
            50.47875085513462
        ],
        [
            0.006641702974051791,
            0.0045307873007229054,
            1.0
        ]
    ],
    "3": [
        [
            -0.03750131190094597,
            -0.10631105850818624,
            58.31350785977186
        ],
        [
            -0.01013060729806263,
            -0.000938019194264955,
            10.196643849338873
        ],
        [
            -0.0003270980373418357,
            -0.001285077160207781,
            1.0
        ]
    ]
}